{
  "name": "SinricPro",
  "keywords": "ethernet, sinric, alexa, iot",
  "description": "Library for https://sinric.pro - simple way to connect your device to alexa",
  "repository": {
    "type": "git",
    "url": "https://github.com/sinricpro/esp8266-esp32-sdk"
  },
  "authors": [
    {
      "name": "Boris Jaeger",
      "email": "sivar2311@gmail.com",
      "maintainer": true
    }
  ],
  "version": "3.4.1",
  "frameworks": "arduino",
  "platforms": [
    "espressif8266",
    "espressif32",
    "raspberrypi"
  ],
  "dependencies": [
    {
      "name": "ArduinoJson",
      "version": "^7.0.3",
      "platforms": [
        "espressif32",
        "espressif8266",
        "raspberrypi"
      ]
    },
    {
      "name": "WebSockets",
      "version": "^2.4.0",
      "platforms": [
        "espressif32",
        "espressif8266",
        "raspberrypi"
      ]
    }
  ],
  "examples": [
    "examples/*/*.ino",
    "examples/*/*/*.ino"
  ],
  "license": "CC-BY-SA-4.0"
}